10.81.159.225,[12/Nov/2020:22:01:21 +0100] ,Mozilla/5.0 (Macintosh; Intel Mac OS X 10_15_7) AppleWebKit/605.1.15 (KHTML, like Gecko) Version/14.0 Safari/605.1.15,No URL in log file
10.81.159.225,[12/Nov/2020:22:01:21 +0100] ,Mozilla/5.0 (Macintosh; Intel Mac OS X 10_15_7) AppleWebKit/605.1.15 (KHTML, like Gecko) Version/14.0 Safari/605.1.15,http://clabsql.clamv.jacobs-university.de/~nibragimov/uni_gym_booking/project/index.html
10.81.159.225,[12/Nov/2020:22:01:21 +0100] ,Mozilla/5.0 (Macintosh; Intel Mac OS X 10_15_7) AppleWebKit/605.1.15 (KHTML, like Gecko) Version/14.0 Safari/605.1.15,http://clabsql.clamv.jacobs-university.de/~nibragimov/uni_gym_booking/project/index.html
10.81.159.225,[12/Nov/2020:22:01:21 +0100] ,Mozilla/5.0 (Macintosh; Intel Mac OS X 10_15_7) AppleWebKit/605.1.15 (KHTML, like Gecko) Version/14.0 Safari/605.1.15,http://clabsql.clamv.jacobs-university.de/~nibragimov/uni_gym_booking/project/index.html
10.81.159.225,[12/Nov/2020:22:01:57 +0100] ,Mozilla/5.0 (Macintosh; Intel Mac OS X 10_15_7) AppleWebKit/605.1.15 (KHTML, like Gecko) Version/14.0 Safari/605.1.15,http://clabsql.clamv.jacobs-university.de/~nibragimov/uni_gym_booking/project/index.html
10.81.159.225,[12/Nov/2020:22:01:57 +0100] ,Mozilla/5.0 (Macintosh; Intel Mac OS X 10_15_7) AppleWebKit/605.1.15 (KHTML, like Gecko) Version/14.0 Safari/605.1.15,http://clabsql.clamv.jacobs-university.de/~nibragimov/uni_gym_booking/project/index.html
10.81.159.225,[12/Nov/2020:22:02:05 +0100] ,Mozilla/5.0 (Macintosh; Intel Mac OS X 10_15_7) AppleWebKit/605.1.15 (KHTML, like Gecko) Version/14.0 Safari/605.1.15,http://clabsql.clamv.jacobs-university.de/~nibragimov/uni_gym_booking/project/index.html
10.81.159.225,[12/Nov/2020:22:02:05 +0100] ,Mozilla/5.0 (Macintosh; Intel Mac OS X 10_15_7) AppleWebKit/605.1.15 (KHTML, like Gecko) Version/14.0 Safari/605.1.15,http://clabsql.clamv.jacobs-university.de/~nibragimov/uni_gym_booking/project/index.html
10.81.159.225,[12/Nov/2020:22:02:35 +0100] ,Mozilla/5.0 (Macintosh; Intel Mac OS X 10_15_7) AppleWebKit/605.1.15 (KHTML, like Gecko) Version/14.0 Safari/605.1.15,http://clabsql.clamv.jacobs-university.de/~nibragimov/uni_gym_booking/project/login_page.php?error=mismatch
10.81.159.225,[12/Nov/2020:22:02:35 +0100] ,Mozilla/5.0 (Macintosh; Intel Mac OS X 10_15_7) AppleWebKit/605.1.15 (KHTML, like Gecko) Version/14.0 Safari/605.1.15,http://clabsql.clamv.jacobs-university.de/~nibragimov/uni_gym_booking/project/login_page.php?error=mismatch
10.81.159.225,[12/Nov/2020:22:03:49 +0100] ,Mozilla/5.0 (Macintosh; Intel Mac OS X 10_15_7) AppleWebKit/605.1.15 (KHTML, like Gecko) Version/14.0 Safari/605.1.15,http://clabsql.clamv.jacobs-university.de/~nibragimov/uni_gym_booking/project/index.html
10.81.159.225,[12/Nov/2020:22:03:51 +0100] ,Mozilla/5.0 (Macintosh; Intel Mac OS X 10_15_7) AppleWebKit/605.1.15 (KHTML, like Gecko) Version/14.0 Safari/605.1.15,http://clabsql.clamv.jacobs-university.de/~nibragimov/uni_gym_booking/project/index.html
10.81.159.225,[12/Nov/2020:22:04:05 +0100] ,Mozilla/5.0 (Macintosh; Intel Mac OS X 10_15_7) AppleWebKit/605.1.15 (KHTML, like Gecko) Version/14.0 Safari/605.1.15,No URL in log file
10.81.159.225,[12/Nov/2020:22:04:05 +0100] ,Mozilla/5.0 (Macintosh; Intel Mac OS X 10_15_7) AppleWebKit/605.1.15 (KHTML, like Gecko) Version/14.0 Safari/605.1.15,No URL in log file
10.81.159.225,[12/Nov/2020:22:04:05 +0100] ,Mozilla/5.0 (Macintosh; Intel Mac OS X 10_15_7) AppleWebKit/605.1.15 (KHTML, like Gecko) Version/14.0 Safari/605.1.15,http://clabsql.clamv.jacobs-university.de/~nibragimov/
10.81.159.225,[12/Nov/2020:22:04:05 +0100] ,Mozilla/5.0 (Macintosh; Intel Mac OS X 10_15_7) AppleWebKit/605.1.15 (KHTML, like Gecko) Version/14.0 Safari/605.1.15,http://clabsql.clamv.jacobs-university.de/~nibragimov/
10.81.159.225,[12/Nov/2020:22:04:05 +0100] ,Mozilla/5.0 (Macintosh; Intel Mac OS X 10_15_7) AppleWebKit/605.1.15 (KHTML, like Gecko) Version/14.0 Safari/605.1.15,http://clabsql.clamv.jacobs-university.de/~nibragimov/
10.81.159.225,[12/Nov/2020:22:04:05 +0100] ,Mozilla/5.0 (Macintosh; Intel Mac OS X 10_15_7) AppleWebKit/605.1.15 (KHTML, like Gecko) Version/14.0 Safari/605.1.15,http://clabsql.clamv.jacobs-university.de/~nibragimov/
10.81.159.225,[12/Nov/2020:22:04:08 +0100] ,Mozilla/5.0 (Macintosh; Intel Mac OS X 10_15_7) AppleWebKit/605.1.15 (KHTML, like Gecko) Version/14.0 Safari/605.1.15,http://clabsql.clamv.jacobs-university.de/~nibragimov/
10.81.159.225,[12/Nov/2020:22:04:08 +0100] ,Mozilla/5.0 (Macintosh; Intel Mac OS X 10_15_7) AppleWebKit/605.1.15 (KHTML, like Gecko) Version/14.0 Safari/605.1.15,http://clabsql.clamv.jacobs-university.de/~nibragimov/uni_gym_booking/
10.81.159.225,[12/Nov/2020:22:04:08 +0100] ,Mozilla/5.0 (Macintosh; Intel Mac OS X 10_15_7) AppleWebKit/605.1.15 (KHTML, like Gecko) Version/14.0 Safari/605.1.15,http://clabsql.clamv.jacobs-university.de/~nibragimov/uni_gym_booking/
10.81.159.225,[12/Nov/2020:22:04:10 +0100] ,Mozilla/5.0 (Macintosh; Intel Mac OS X 10_15_7) AppleWebKit/605.1.15 (KHTML, like Gecko) Version/14.0 Safari/605.1.15,No URL in log file
10.81.159.225,[12/Nov/2020:22:04:14 +0100] ,Mozilla/5.0 (Macintosh; Intel Mac OS X 10_15_7) AppleWebKit/605.1.15 (KHTML, like Gecko) Version/14.0 Safari/605.1.15,No URL in log file
10.81.159.225,[12/Nov/2020:22:04:14 +0100] ,Mozilla/5.0 (Macintosh; Intel Mac OS X 10_15_7) AppleWebKit/605.1.15 (KHTML, like Gecko) Version/14.0 Safari/605.1.15,No URL in log file
10.81.159.225,[12/Nov/2020:22:04:17 +0100] ,Mozilla/5.0 (Macintosh; Intel Mac OS X 10_15_7) AppleWebKit/605.1.15 (KHTML, like Gecko) Version/14.0 Safari/605.1.15,No URL in log file
10.81.159.225,[12/Nov/2020:22:04:17 +0100] ,Mozilla/5.0 (Macintosh; Intel Mac OS X 10_15_7) AppleWebKit/605.1.15 (KHTML, like Gecko) Version/14.0 Safari/605.1.15,No URL in log file
10.81.159.225,[12/Nov/2020:22:04:17 +0100] ,Mozilla/5.0 (Macintosh; Intel Mac OS X 10_15_7) AppleWebKit/605.1.15 (KHTML, like Gecko) Version/14.0 Safari/605.1.15,http://clabsql.clamv.jacobs-university.de/~nibragimov/uni_gym_booking/project/
10.81.159.225,[12/Nov/2020:22:04:17 +0100] ,Mozilla/5.0 (Macintosh; Intel Mac OS X 10_15_7) AppleWebKit/605.1.15 (KHTML, like Gecko) Version/14.0 Safari/605.1.15,http://clabsql.clamv.jacobs-university.de/~nibragimov/uni_gym_booking/project/
10.81.159.225,[12/Nov/2020:22:04:17 +0100] ,Mozilla/5.0 (Macintosh; Intel Mac OS X 10_15_7) AppleWebKit/605.1.15 (KHTML, like Gecko) Version/14.0 Safari/605.1.15,http://clabsql.clamv.jacobs-university.de/~nibragimov/uni_gym_booking/project/
10.222.131.170,[12/Nov/2020:22:09:40 +0100] ,Mozilla/5.0 (Windows NT 10.0; Win64; x64) AppleWebKit/537.36 (KHTML, like Gecko) Chrome/86.0.4240.198 Safari/537.36,No URL in log file
10.222.131.170,[12/Nov/2020:22:09:43 +0100] ,Mozilla/5.0 (Windows NT 10.0; Win64; x64) AppleWebKit/537.36 (KHTML, like Gecko) Chrome/86.0.4240.198 Safari/537.36,http://clabsql.clamv.jacobs-university.de/~nibragimov/uni_gym_booking/project/link_page.html
10.222.131.170,[12/Nov/2020:22:09:49 +0100] ,Mozilla/5.0 (Windows NT 10.0; Win64; x64) AppleWebKit/537.36 (KHTML, like Gecko) Chrome/86.0.4240.198 Safari/537.36,No URL in log file
10.222.131.170,[12/Nov/2020:22:09:52 +0100] ,Mozilla/5.0 (Windows NT 10.0; Win64; x64) AppleWebKit/537.36 (KHTML, like Gecko) Chrome/86.0.4240.198 Safari/537.36,No URL in log file
10.222.131.170,[12/Nov/2020:22:09:52 +0100] ,Mozilla/5.0 (Windows NT 10.0; Win64; x64) AppleWebKit/537.36 (KHTML, like Gecko) Chrome/86.0.4240.198 Safari/537.36,No URL in log file
10.222.131.170,[12/Nov/2020:22:09:52 +0100] ,Mozilla/5.0 (Windows NT 10.0; Win64; x64) AppleWebKit/537.36 (KHTML, like Gecko) Chrome/86.0.4240.198 Safari/537.36,http://clabsql.clamv.jacobs-university.de/~nibragimov/uni_gym_booking/project/login_page.php?error=mismatch
10.222.131.170,[12/Nov/2020:22:09:53 +0100] ,Mozilla/5.0 (Windows NT 10.0; Win64; x64) AppleWebKit/537.36 (KHTML, like Gecko) Chrome/86.0.4240.198 Safari/537.36,http://clabsql.clamv.jacobs-university.de/~nibragimov/uni_gym_booking/project/login_page.php?error=mismatch
10.222.131.170,[12/Nov/2020:22:09:59 +0100] ,Mozilla/5.0 (Windows NT 10.0; Win64; x64) AppleWebKit/537.36 (KHTML, like Gecko) Chrome/86.0.4240.198 Safari/537.36,http://clabsql.clamv.jacobs-university.de/~nibragimov/uni_gym_booking/project/login_page.php?error=mismatch
10.222.131.170,[12/Nov/2020:22:09:59 +0100] ,Mozilla/5.0 (Windows NT 10.0; Win64; x64) AppleWebKit/537.36 (KHTML, like Gecko) Chrome/86.0.4240.198 Safari/537.36,http://clabsql.clamv.jacobs-university.de/~nibragimov/uni_gym_booking/project/login_page.php?error=mismatch
10.222.131.170,[12/Nov/2020:22:10:21 +0100] ,Mozilla/5.0 (Windows NT 10.0; Win64; x64) AppleWebKit/537.36 (KHTML, like Gecko) Chrome/86.0.4240.198 Safari/537.36,No URL in log file
10.222.131.170,[12/Nov/2020:22:10:27 +0100] ,Mozilla/5.0 (Windows NT 10.0; Win64; x64) AppleWebKit/537.36 (KHTML, like Gecko) Chrome/86.0.4240.198 Safari/537.36,No URL in log file
10.222.131.170,[12/Nov/2020:22:10:28 +0100] ,Mozilla/5.0 (Windows NT 10.0; Win64; x64) AppleWebKit/537.36 (KHTML, like Gecko) Chrome/86.0.4240.198 Safari/537.36,No URL in log file
10.222.131.170,[12/Nov/2020:22:10:29 +0100] ,Mozilla/5.0 (Windows NT 10.0; Win64; x64) AppleWebKit/537.36 (KHTML, like Gecko) Chrome/86.0.4240.198 Safari/537.36,http://clabsql.clamv.jacobs-university.de/~nibragimov/uni_gym_booking/project/search_form_event.php
10.222.131.170,[12/Nov/2020:22:10:38 +0100] ,Mozilla/5.0 (Windows NT 10.0; Win64; x64) AppleWebKit/537.36 (KHTML, like Gecko) Chrome/86.0.4240.198 Safari/537.36,No URL in log file
10.222.131.170,[12/Nov/2020:22:10:51 +0100] ,Mozilla/5.0 (Windows NT 10.0; Win64; x64) AppleWebKit/537.36 (KHTML, like Gecko) Chrome/86.0.4240.198 Safari/537.36,No URL in log file
10.222.131.170,[12/Nov/2020:22:11:05 +0100] ,Mozilla/5.0 (Windows NT 10.0; Win64; x64) AppleWebKit/537.36 (KHTML, like Gecko) Chrome/86.0.4240.198 Safari/537.36,No URL in log file
10.222.131.170,[12/Nov/2020:22:11:12 +0100] ,Mozilla/5.0 (Windows NT 10.0; Win64; x64) AppleWebKit/537.36 (KHTML, like Gecko) Chrome/86.0.4240.198 Safari/537.36,No URL in log file
10.222.131.170,[12/Nov/2020:22:12:43 +0100] ,Mozilla/5.0 (Windows NT 10.0; Win64; x64) AppleWebKit/537.36 (KHTML, like Gecko) Chrome/86.0.4240.198 Safari/537.36,No URL in log file
10.222.131.170,[12/Nov/2020:22:12:47 +0100] ,Mozilla/5.0 (Windows NT 10.0; Win64; x64) AppleWebKit/537.36 (KHTML, like Gecko) Chrome/86.0.4240.198 Safari/537.36,No URL in log file
10.222.131.170,[12/Nov/2020:22:13:29 +0100] ,Mozilla/5.0 (Windows NT 10.0; Win64; x64) AppleWebKit/537.36 (KHTML, like Gecko) Chrome/86.0.4240.198 Safari/537.36,No URL in log file
10.222.131.170,[12/Nov/2020:22:13:29 +0100] ,Mozilla/5.0 (Windows NT 10.0; Win64; x64) AppleWebKit/537.36 (KHTML, like Gecko) Chrome/86.0.4240.198 Safari/537.36,http://clabsql.clamv.jacobs-university.de/~nibragimov/uni_gym_booking/project/search_form_oversees.php
10.81.159.225,[12/Nov/2020:22:17:53 +0100] ,Mozilla/5.0 (Macintosh; Intel Mac OS X 10_15_7) AppleWebKit/605.1.15 (KHTML, like Gecko) Version/14.0 Safari/605.1.15,No URL in log file
10.81.159.225,[12/Nov/2020:22:23:06 +0100] ,Mozilla/5.0 (Macintosh; Intel Mac OS X 10_15_7) AppleWebKit/605.1.15 (KHTML, like Gecko) Version/14.0 Safari/605.1.15,http://clabsql.clamv.jacobs-university.de/~nibragimov/uni_gym_booking/project/search_form_event.html
10.81.159.225,[12/Nov/2020:22:23:08 +0100] ,Mozilla/5.0 (Macintosh; Intel Mac OS X 10_15_7) AppleWebKit/605.1.15 (KHTML, like Gecko) Version/14.0 Safari/605.1.15,http://clabsql.clamv.jacobs-university.de/~nibragimov/uni_gym_booking/project/search_result_event.php
10.81.159.225,[12/Nov/2020:22:23:14 +0100] ,Mozilla/5.0 (Macintosh; Intel Mac OS X 10_15_7) AppleWebKit/605.1.15 (KHTML, like Gecko) Version/14.0 Safari/605.1.15,http://clabsql.clamv.jacobs-university.de/~nibragimov/uni_gym_booking/project/search_form_event.html
10.81.159.225,[12/Nov/2020:22:23:20 +0100] ,Mozilla/5.0 (Macintosh; Intel Mac OS X 10_15_7) AppleWebKit/605.1.15 (KHTML, like Gecko) Version/14.0 Safari/605.1.15,http://clabsql.clamv.jacobs-university.de/~nibragimov/uni_gym_booking/project/search_form_event.html
10.81.159.225,[12/Nov/2020:22:23:21 +0100] ,Mozilla/5.0 (Macintosh; Intel Mac OS X 10_15_7) AppleWebKit/605.1.15 (KHTML, like Gecko) Version/14.0 Safari/605.1.15,http://clabsql.clamv.jacobs-university.de/~nibragimov/uni_gym_booking/project/search_result_event.php
10.81.159.225,[12/Nov/2020:22:23:48 +0100] ,Mozilla/5.0 (Macintosh; Intel Mac OS X 10_15_7) AppleWebKit/605.1.15 (KHTML, like Gecko) Version/14.0 Safari/605.1.15,http://clabsql.clamv.jacobs-university.de/~nibragimov/uni_gym_booking/project/search_form_event.html
10.81.159.225,[12/Nov/2020:22:23:51 +0100] ,Mozilla/5.0 (Macintosh; Intel Mac OS X 10_15_7) AppleWebKit/605.1.15 (KHTML, like Gecko) Version/14.0 Safari/605.1.15,http://clabsql.clamv.jacobs-university.de/~nibragimov/uni_gym_booking/project/search_form_event.html
10.81.159.225,[12/Nov/2020:22:23:53 +0100] ,Mozilla/5.0 (Macintosh; Intel Mac OS X 10_15_7) AppleWebKit/605.1.15 (KHTML, like Gecko) Version/14.0 Safari/605.1.15,http://clabsql.clamv.jacobs-university.de/~nibragimov/uni_gym_booking/project/search_result_event.php
10.222.131.170,[13/Nov/2020:00:03:23 +0100] ,Mozilla/5.0 (Windows NT 10.0; Win64; x64) AppleWebKit/537.36 (KHTML, like Gecko) Chrome/86.0.4240.198 Safari/537.36,No URL in log file
10.222.131.170,[13/Nov/2020:00:07:13 +0100] ,Mozilla/5.0 (Windows NT 10.0; Win64; x64) AppleWebKit/537.36 (KHTML, like Gecko) Chrome/86.0.4240.198 Safari/537.36,No URL in log file
10.222.131.170,[13/Nov/2020:00:09:24 +0100] ,Mozilla/5.0 (Windows NT 10.0; Win64; x64) AppleWebKit/537.36 (KHTML, like Gecko) Chrome/86.0.4240.198 Safari/537.36,No URL in log file
10.222.131.170,[13/Nov/2020:00:10:01 +0100] ,Mozilla/5.0 (Windows NT 10.0; Win64; x64) AppleWebKit/537.36 (KHTML, like Gecko) Chrome/86.0.4240.198 Safari/537.36,No URL in log file
10.81.159.225,[13/Nov/2020:10:44:13 +0100] ,Mozilla/5.0 (Macintosh; Intel Mac OS X 10_15_7) AppleWebKit/605.1.15 (KHTML, like Gecko) Version/14.0 Safari/605.1.15,No URL in log file
10.81.159.225,[13/Nov/2020:10:44:15 +0100] ,Mozilla/5.0 (Macintosh; Intel Mac OS X 10_15_7) AppleWebKit/605.1.15 (KHTML, like Gecko) Version/14.0 Safari/605.1.15,No URL in log file
10.81.159.225,[13/Nov/2020:10:44:16 +0100] ,Mozilla/5.0 (Macintosh; Intel Mac OS X 10_15_7) AppleWebKit/605.1.15 (KHTML, like Gecko) Version/14.0 Safari/605.1.15,No URL in log file
10.81.159.225,[13/Nov/2020:10:44:22 +0100] ,Mozilla/5.0 (Macintosh; Intel Mac OS X 10_15_7) AppleWebKit/605.1.15 (KHTML, like Gecko) Version/14.0 Safari/605.1.15,http://clabsql.clamv.jacobs-university.de/~nibragimov/uni_gym_booking/project/search_form_event.html
10.81.159.225,[13/Nov/2020:10:44:28 +0100] ,Mozilla/5.0 (Macintosh; Intel Mac OS X 10_15_7) AppleWebKit/605.1.15 (KHTML, like Gecko) Version/14.0 Safari/605.1.15,http://clabsql.clamv.jacobs-university.de/~nibragimov/uni_gym_booking/project/search_form_event.html
10.81.159.225,[13/Nov/2020:10:44:30 +0100] ,Mozilla/5.0 (Macintosh; Intel Mac OS X 10_15_7) AppleWebKit/605.1.15 (KHTML, like Gecko) Version/14.0 Safari/605.1.15,http://clabsql.clamv.jacobs-university.de/~nibragimov/uni_gym_booking/project/search_result_event.php
10.81.159.225,[13/Nov/2020:10:44:36 +0100] ,Mozilla/5.0 (Macintosh; Intel Mac OS X 10_15_7) AppleWebKit/605.1.15 (KHTML, like Gecko) Version/14.0 Safari/605.1.15,http://clabsql.clamv.jacobs-university.de/~nibragimov/uni_gym_booking/project/search_form_members.html
10.81.159.225,[13/Nov/2020:10:44:38 +0100] ,Mozilla/5.0 (Macintosh; Intel Mac OS X 10_15_7) AppleWebKit/605.1.15 (KHTML, like Gecko) Version/14.0 Safari/605.1.15,http://clabsql.clamv.jacobs-university.de/~nibragimov/uni_gym_booking/project/search_form_members.html
10.81.159.225,[13/Nov/2020:10:44:41 +0100] ,Mozilla/5.0 (Macintosh; Intel Mac OS X 10_15_7) AppleWebKit/605.1.15 (KHTML, like Gecko) Version/14.0 Safari/605.1.15,http://clabsql.clamv.jacobs-university.de/~nibragimov/uni_gym_booking/project/search_result_members.php
10.81.159.225,[13/Nov/2020:10:44:47 +0100] ,Mozilla/5.0 (Macintosh; Intel Mac OS X 10_15_7) AppleWebKit/605.1.15 (KHTML, like Gecko) Version/14.0 Safari/605.1.15,http://clabsql.clamv.jacobs-university.de/~nibragimov/uni_gym_booking/project/search_form_oversees.php
10.81.159.225,[13/Nov/2020:10:44:50 +0100] ,Mozilla/5.0 (Macintosh; Intel Mac OS X 10_15_7) AppleWebKit/605.1.15 (KHTML, like Gecko) Version/14.0 Safari/605.1.15,http://clabsql.clamv.jacobs-university.de/~nibragimov/uni_gym_booking/project/search_form_oversees.php
10.81.159.225,[13/Nov/2020:10:44:53 +0100] ,Mozilla/5.0 (Macintosh; Intel Mac OS X 10_15_7) AppleWebKit/605.1.15 (KHTML, like Gecko) Version/14.0 Safari/605.1.15,http://clabsql.clamv.jacobs-university.de/~nibragimov/uni_gym_booking/project/search_form_oversees.php
10.81.159.225,[13/Nov/2020:10:44:56 +0100] ,Mozilla/5.0 (Macintosh; Intel Mac OS X 10_15_7) AppleWebKit/605.1.15 (KHTML, like Gecko) Version/14.0 Safari/605.1.15,http://clabsql.clamv.jacobs-university.de/~nibragimov/uni_gym_booking/project/search_form_oversees.php
10.81.159.225,[13/Nov/2020:14:08:30 +0100] ,Mozilla/5.0 (Macintosh; Intel Mac OS X 10_15_6) AppleWebKit/605.1.15 (KHTML, like Gecko) Version/14.0.1 Safari/605.1.15,No URL in log file
10.81.159.225,[13/Nov/2020:14:08:36 +0100] ,Mozilla/5.0 (Macintosh; Intel Mac OS X 10_15_6) AppleWebKit/605.1.15 (KHTML, like Gecko) Version/14.0.1 Safari/605.1.15,No URL in log file
10.81.159.225,[13/Nov/2020:14:08:36 +0100] ,Mozilla/5.0 (Macintosh; Intel Mac OS X 10_15_6) AppleWebKit/605.1.15 (KHTML, like Gecko) Version/14.0.1 Safari/605.1.15,No URL in log file
10.81.159.225,[13/Nov/2020:14:08:36 +0100] ,Mozilla/5.0 (Macintosh; Intel Mac OS X 10_15_6) AppleWebKit/605.1.15 (KHTML, like Gecko) Version/14.0.1 Safari/605.1.15,http://clabsql.clamv.jacobs-university.de/~nibragimov/uni_gym_booking/
10.81.159.225,[13/Nov/2020:14:08:36 +0100] ,Mozilla/5.0 (Macintosh; Intel Mac OS X 10_15_6) AppleWebKit/605.1.15 (KHTML, like Gecko) Version/14.0.1 Safari/605.1.15,http://clabsql.clamv.jacobs-university.de/~nibragimov/uni_gym_booking/
10.81.159.225,[13/Nov/2020:14:08:36 +0100] ,Mozilla/5.0 (Macintosh; Intel Mac OS X 10_15_6) AppleWebKit/605.1.15 (KHTML, like Gecko) Version/14.0.1 Safari/605.1.15,http://clabsql.clamv.jacobs-university.de/~nibragimov/uni_gym_booking/
10.81.159.225,[13/Nov/2020:14:10:23 +0100] ,Mozilla/5.0 (Macintosh; Intel Mac OS X 10_15_6) AppleWebKit/605.1.15 (KHTML, like Gecko) Version/14.0.1 Safari/605.1.15,No URL in log file
10.81.159.225,[13/Nov/2020:14:10:23 +0100] ,Mozilla/5.0 (Macintosh; Intel Mac OS X 10_15_6) AppleWebKit/605.1.15 (KHTML, like Gecko) Version/14.0.1 Safari/605.1.15,No URL in log file
10.222.128.94,[13/Nov/2020:14:12:55 +0100] ,Mozilla/5.0 (Windows NT 10.0; Win64; x64) AppleWebKit/537.36 (KHTML, like Gecko) Chrome/86.0.4240.198 Safari/537.36,No URL in log file
10.222.128.94,[13/Nov/2020:14:12:57 +0100] ,Mozilla/5.0 (Windows NT 10.0; Win64; x64) AppleWebKit/537.36 (KHTML, like Gecko) Chrome/86.0.4240.198 Safari/537.36,http://clabsql.clamv.jacobs-university.de/~nibragimov/uni_gym_booking/project/login_page.php?error=mismatch
10.222.128.94,[13/Nov/2020:14:12:57 +0100] ,Mozilla/5.0 (Windows NT 10.0; Win64; x64) AppleWebKit/537.36 (KHTML, like Gecko) Chrome/86.0.4240.198 Safari/537.36,http://clabsql.clamv.jacobs-university.de/~nibragimov/uni_gym_booking/project/login_page.php?error=mismatch
10.222.128.94,[13/Nov/2020:14:12:57 +0100] ,Mozilla/5.0 (Windows NT 10.0; Win64; x64) AppleWebKit/537.36 (KHTML, like Gecko) Chrome/86.0.4240.198 Safari/537.36,http://clabsql.clamv.jacobs-university.de/~nibragimov/uni_gym_booking/project/login_page.php?error=mismatch
10.222.128.94,[13/Nov/2020:14:13:04 +0100] ,Mozilla/5.0 (Windows NT 10.0; Win64; x64) AppleWebKit/537.36 (KHTML, like Gecko) Chrome/86.0.4240.198 Safari/537.36,http://clabsql.clamv.jacobs-university.de/~nibragimov/uni_gym_booking/project/login_page.php?error=mismatch
10.222.128.94,[13/Nov/2020:14:13:04 +0100] ,Mozilla/5.0 (Windows NT 10.0; Win64; x64) AppleWebKit/537.36 (KHTML, like Gecko) Chrome/86.0.4240.198 Safari/537.36,http://clabsql.clamv.jacobs-university.de/~nibragimov/uni_gym_booking/project/login_page.php?error=mismatch
10.222.131.50,[13/Nov/2020:20:35:20 +0100] ,Mozilla/5.0 (Windows NT 10.0; Win64; x64) AppleWebKit/537.36 (KHTML, like Gecko) Chrome/86.0.4240.198 Safari/537.36,No URL in log file
10.222.131.50,[13/Nov/2020:20:35:20 +0100] ,Mozilla/5.0 (Windows NT 10.0; Win64; x64) AppleWebKit/537.36 (KHTML, like Gecko) Chrome/86.0.4240.198 Safari/537.36,http://clabsql.clamv.jacobs-university.de/~nibragimov/uni_gym_booking/project/login_page.php?error=mismatch
10.222.131.50,[13/Nov/2020:20:35:20 +0100] ,Mozilla/5.0 (Windows NT 10.0; Win64; x64) AppleWebKit/537.36 (KHTML, like Gecko) Chrome/86.0.4240.198 Safari/537.36,http://clabsql.clamv.jacobs-university.de/~nibragimov/uni_gym_booking/project/login_page.php?error=mismatch
10.222.131.50,[13/Nov/2020:20:35:46 +0100] ,Mozilla/5.0 (Windows NT 10.0; Win64; x64) AppleWebKit/537.36 (KHTML, like Gecko) Chrome/86.0.4240.198 Safari/537.36,http://clabsql.clamv.jacobs-university.de/~nibragimov/uni_gym_booking/project/login_page.php?error=mismatch
10.222.131.50,[13/Nov/2020:20:35:46 +0100] ,Mozilla/5.0 (Windows NT 10.0; Win64; x64) AppleWebKit/537.36 (KHTML, like Gecko) Chrome/86.0.4240.198 Safari/537.36,http://clabsql.clamv.jacobs-university.de/~nibragimov/uni_gym_booking/project/login_page.php?error=mismatch
10.222.131.50,[13/Nov/2020:20:35:48 +0100] ,Mozilla/5.0 (Windows NT 10.0; Win64; x64) AppleWebKit/537.36 (KHTML, like Gecko) Chrome/86.0.4240.198 Safari/537.36,http://clabsql.clamv.jacobs-university.de/~nibragimov/uni_gym_booking/project/link_page.php
10.222.131.50,[13/Nov/2020:20:36:05 +0100] ,Mozilla/5.0 (Windows NT 10.0; Win64; x64) AppleWebKit/537.36 (KHTML, like Gecko) Chrome/86.0.4240.198 Safari/537.36,http://clabsql.clamv.jacobs-university.de/~nibragimov/uni_gym_booking/project/input_form_booking.php
10.222.131.50,[13/Nov/2020:20:36:05 +0100] ,Mozilla/5.0 (Windows NT 10.0; Win64; x64) AppleWebKit/537.36 (KHTML, like Gecko) Chrome/86.0.4240.198 Safari/537.36,http://clabsql.clamv.jacobs-university.de/~nibragimov/uni_gym_booking/project/input_form_booking.php
10.222.131.50,[13/Nov/2020:20:36:06 +0100] ,Mozilla/5.0 (Windows NT 10.0; Win64; x64) AppleWebKit/537.36 (KHTML, like Gecko) Chrome/86.0.4240.198 Safari/537.36,http://clabsql.clamv.jacobs-university.de/~nibragimov/uni_gym_booking/project/status.php?status=success&table=timetable_and_booking
10.222.131.50,[13/Nov/2020:20:36:35 +0100] ,Mozilla/5.0 (Windows NT 10.0; Win64; x64) AppleWebKit/537.36 (KHTML, like Gecko) Chrome/86.0.4240.198 Safari/537.36,http://clabsql.clamv.jacobs-university.de/~nibragimov/uni_gym_booking/project/link_page.php
10.222.131.50,[13/Nov/2020:20:36:44 +0100] ,Mozilla/5.0 (Windows NT 10.0; Win64; x64) AppleWebKit/537.36 (KHTML, like Gecko) Chrome/86.0.4240.198 Safari/537.36,http://clabsql.clamv.jacobs-university.de/~nibragimov/uni_gym_booking/project/login_page.php?error=mismatch
10.222.131.50,[13/Nov/2020:20:36:47 +0100] ,Mozilla/5.0 (Windows NT 10.0; Win64; x64) AppleWebKit/537.36 (KHTML, like Gecko) Chrome/86.0.4240.198 Safari/537.36,http://clabsql.clamv.jacobs-university.de/~nibragimov/uni_gym_booking/project/link_page.php
10.222.131.50,[13/Nov/2020:20:37:03 +0100] ,Mozilla/5.0 (Windows NT 10.0; Win64; x64) AppleWebKit/537.36 (KHTML, like Gecko) Chrome/86.0.4240.198 Safari/537.36,No URL in log file
10.222.131.50,[13/Nov/2020:20:37:11 +0100] ,Mozilla/5.0 (Windows NT 10.0; Win64; x64) AppleWebKit/537.36 (KHTML, like Gecko) Chrome/86.0.4240.198 Safari/537.36,http://clabsql.clamv.jacobs-university.de/~nibragimov/uni_gym_booking/project/login_page.php?error=mismatch
10.222.131.50,[13/Nov/2020:20:37:11 +0100] ,Mozilla/5.0 (Windows NT 10.0; Win64; x64) AppleWebKit/537.36 (KHTML, like Gecko) Chrome/86.0.4240.198 Safari/537.36,http://clabsql.clamv.jacobs-university.de/~nibragimov/uni_gym_booking/project/login_page.php?error=mismatch
10.222.131.50,[13/Nov/2020:20:37:14 +0100] ,Mozilla/5.0 (Windows NT 10.0; Win64; x64) AppleWebKit/537.36 (KHTML, like Gecko) Chrome/86.0.4240.198 Safari/537.36,http://clabsql.clamv.jacobs-university.de/~nibragimov/uni_gym_booking/project/link_page.php
10.222.131.50,[13/Nov/2020:20:37:26 +0100] ,Mozilla/5.0 (Windows NT 10.0; Win64; x64) AppleWebKit/537.36 (KHTML, like Gecko) Chrome/86.0.4240.198 Safari/537.36,No URL in log file
10.222.131.50,[13/Nov/2020:20:41:03 +0100] ,Mozilla/5.0 (Windows NT 10.0; Win64; x64) AppleWebKit/537.36 (KHTML, like Gecko) Chrome/86.0.4240.198 Safari/537.36,http://clabsql.clamv.jacobs-university.de/~nibragimov/uni_gym_booking/project/link_page.php
10.222.131.50,[13/Nov/2020:20:41:05 +0100] ,Mozilla/5.0 (Windows NT 10.0; Win64; x64) AppleWebKit/537.36 (KHTML, like Gecko) Chrome/86.0.4240.198 Safari/537.36,http://clabsql.clamv.jacobs-university.de/~nibragimov/uni_gym_booking/project/login_page.php?error=mismatch
10.222.131.50,[13/Nov/2020:20:41:05 +0100] ,Mozilla/5.0 (Windows NT 10.0; Win64; x64) AppleWebKit/537.36 (KHTML, like Gecko) Chrome/86.0.4240.198 Safari/537.36,http://clabsql.clamv.jacobs-university.de/~nibragimov/uni_gym_booking/project/link_page.php
10.222.131.26,[16/Nov/2020:08:54:43 +0100] ,Mozilla/5.0 (X11; Linux x86_64) AppleWebKit/537.36 (KHTML, like Gecko) Chrome/86.0.4240.198 Safari/537.36,No URL in log file
10.222.131.26,[16/Nov/2020:08:55:32 +0100] ,Mozilla/5.0 (X11; Linux x86_64) AppleWebKit/537.36 (KHTML, like Gecko) Chrome/86.0.4240.198 Safari/537.36,No URL in log file
10.222.131.26,[16/Nov/2020:08:55:32 +0100] ,Mozilla/5.0 (X11; Linux x86_64) AppleWebKit/537.36 (KHTML, like Gecko) Chrome/86.0.4240.198 Safari/537.36,http://clabsql.clamv.jacobs-university.de/~skattel/
10.222.131.26,[16/Nov/2020:08:55:33 +0100] ,Mozilla/5.0 (X11; Linux x86_64) AppleWebKit/537.36 (KHTML, like Gecko) Chrome/86.0.4240.198 Safari/537.36,http://clabsql.clamv.jacobs-university.de/~skattel/
10.222.131.26,[16/Nov/2020:08:56:15 +0100] ,Mozilla/5.0 (X11; Linux x86_64) AppleWebKit/537.36 (KHTML, like Gecko) Chrome/86.0.4240.198 Safari/537.36,http://clabsql.clamv.jacobs-university.de/~skattel/
10.222.131.26,[16/Nov/2020:08:56:16 +0100] ,Mozilla/5.0 (X11; Linux x86_64) AppleWebKit/537.36 (KHTML, like Gecko) Chrome/86.0.4240.198 Safari/537.36,http://clabsql.clamv.jacobs-university.de/~skattel/uni_gym_booking/
10.222.131.26,[16/Nov/2020:08:56:17 +0100] ,Mozilla/5.0 (X11; Linux x86_64) AppleWebKit/537.36 (KHTML, like Gecko) Chrome/86.0.4240.198 Safari/537.36,http://clabsql.clamv.jacobs-university.de/~skattel/uni_gym_booking/
10.222.131.26,[16/Nov/2020:08:56:27 +0100] ,Mozilla/5.0 (X11; Linux x86_64) AppleWebKit/537.36 (KHTML, like Gecko) Chrome/86.0.4240.198 Safari/537.36,http://clabsql.clamv.jacobs-university.de/~skattel/uni_gym_booking/
10.222.131.26,[16/Nov/2020:08:59:09 +0100] ,Mozilla/5.0 (X11; Linux x86_64) AppleWebKit/537.36 (KHTML, like Gecko) Chrome/86.0.4240.198 Safari/537.36,http://clabsql.clamv.jacobs-university.de/~skattel/
10.222.131.26,[16/Nov/2020:08:59:09 +0100] ,Mozilla/5.0 (X11; Linux x86_64) AppleWebKit/537.36 (KHTML, like Gecko) Chrome/86.0.4240.198 Safari/537.36,http://clabsql.clamv.jacobs-university.de/~skattel/uni_gym_booking/
10.222.131.26,[16/Nov/2020:08:59:10 +0100] ,Mozilla/5.0 (X11; Linux x86_64) AppleWebKit/537.36 (KHTML, like Gecko) Chrome/86.0.4240.198 Safari/537.36,http://clabsql.clamv.jacobs-university.de/~skattel/uni_gym_booking/
10.222.131.26,[16/Nov/2020:08:59:13 +0100] ,Mozilla/5.0 (X11; Linux x86_64) AppleWebKit/537.36 (KHTML, like Gecko) Chrome/86.0.4240.198 Safari/537.36,http://clabsql.clamv.jacobs-university.de/~skattel/
10.222.131.26,[16/Nov/2020:08:59:13 +0100] ,Mozilla/5.0 (X11; Linux x86_64) AppleWebKit/537.36 (KHTML, like Gecko) Chrome/86.0.4240.198 Safari/537.36,http://clabsql.clamv.jacobs-university.de/~skattel/uni_gym_booking/
10.222.131.26,[16/Nov/2020:08:59:20 +0100] ,Mozilla/5.0 (X11; Linux x86_64) AppleWebKit/537.36 (KHTML, like Gecko) Chrome/86.0.4240.198 Safari/537.36,http://clabsql.clamv.jacobs-university.de/~skattel/
10.222.131.26,[16/Nov/2020:08:59:21 +0100] ,Mozilla/5.0 (X11; Linux x86_64) AppleWebKit/537.36 (KHTML, like Gecko) Chrome/86.0.4240.198 Safari/537.36,http://clabsql.clamv.jacobs-university.de/~skattel/uni_gym_booking/
10.222.131.26,[16/Nov/2020:08:59:21 +0100] ,Mozilla/5.0 (X11; Linux x86_64) AppleWebKit/537.36 (KHTML, like Gecko) Chrome/86.0.4240.198 Safari/537.36,http://clabsql.clamv.jacobs-university.de/~skattel/
10.222.131.26,[16/Nov/2020:08:59:21 +0100] ,Mozilla/5.0 (X11; Linux x86_64) AppleWebKit/537.36 (KHTML, like Gecko) Chrome/86.0.4240.198 Safari/537.36,http://clabsql.clamv.jacobs-university.de/~skattel/uni_gym_booking/
10.222.131.26,[16/Nov/2020:08:59:22 +0100] ,Mozilla/5.0 (X11; Linux x86_64) AppleWebKit/537.36 (KHTML, like Gecko) Chrome/86.0.4240.198 Safari/537.36,http://clabsql.clamv.jacobs-university.de/~skattel/uni_gym_booking/
10.222.131.26,[16/Nov/2020:08:59:24 +0100] ,Mozilla/5.0 (X11; Linux x86_64) AppleWebKit/537.36 (KHTML, like Gecko) Chrome/86.0.4240.198 Safari/537.36,http://clabsql.clamv.jacobs-university.de/~skattel/uni_gym_booking/
10.222.131.26,[16/Nov/2020:08:59:26 +0100] ,Mozilla/5.0 (X11; Linux x86_64) AppleWebKit/537.36 (KHTML, like Gecko) Chrome/86.0.4240.198 Safari/537.36,http://clabsql.clamv.jacobs-university.de/~skattel/uni_gym_booking/
10.222.131.26,[16/Nov/2020:08:59:43 +0100] ,Mozilla/5.0 (X11; Linux x86_64) AppleWebKit/537.36 (KHTML, like Gecko) Chrome/86.0.4240.198 Safari/537.36,No URL in log file
10.222.131.26,[16/Nov/2020:09:00:22 +0100] ,Mozilla/5.0 (X11; Linux x86_64) AppleWebKit/537.36 (KHTML, like Gecko) Chrome/86.0.4240.198 Safari/537.36,http://clabsql.clamv.jacobs-university.de/~skattel/
10.222.131.26,[16/Nov/2020:09:00:22 +0100] ,Mozilla/5.0 (X11; Linux x86_64) AppleWebKit/537.36 (KHTML, like Gecko) Chrome/86.0.4240.198 Safari/537.36,http://clabsql.clamv.jacobs-university.de/~skattel/uni_gym_booking/
10.222.131.26,[16/Nov/2020:09:00:23 +0100] ,Mozilla/5.0 (X11; Linux x86_64) AppleWebKit/537.36 (KHTML, like Gecko) Chrome/86.0.4240.198 Safari/537.36,http://clabsql.clamv.jacobs-university.de/~skattel/
10.222.131.26,[16/Nov/2020:09:00:23 +0100] ,Mozilla/5.0 (X11; Linux x86_64) AppleWebKit/537.36 (KHTML, like Gecko) Chrome/86.0.4240.198 Safari/537.36,http://clabsql.clamv.jacobs-university.de/~skattel/uni_gym_booking/
10.222.131.26,[16/Nov/2020:09:00:23 +0100] ,Mozilla/5.0 (X11; Linux x86_64) AppleWebKit/537.36 (KHTML, like Gecko) Chrome/86.0.4240.198 Safari/537.36,http://clabsql.clamv.jacobs-university.de/~skattel/
10.222.131.26,[16/Nov/2020:09:00:23 +0100] ,Mozilla/5.0 (X11; Linux x86_64) AppleWebKit/537.36 (KHTML, like Gecko) Chrome/86.0.4240.198 Safari/537.36,http://clabsql.clamv.jacobs-university.de/~skattel/uni_gym_booking/
10.222.131.26,[16/Nov/2020:09:00:23 +0100] ,Mozilla/5.0 (X11; Linux x86_64) AppleWebKit/537.36 (KHTML, like Gecko) Chrome/86.0.4240.198 Safari/537.36,http://clabsql.clamv.jacobs-university.de/~skattel/
10.222.131.26,[16/Nov/2020:09:00:24 +0100] ,Mozilla/5.0 (X11; Linux x86_64) AppleWebKit/537.36 (KHTML, like Gecko) Chrome/86.0.4240.198 Safari/537.36,http://clabsql.clamv.jacobs-university.de/~skattel/uni_gym_booking/
10.222.131.26,[16/Nov/2020:09:00:24 +0100] ,Mozilla/5.0 (X11; Linux x86_64) AppleWebKit/537.36 (KHTML, like Gecko) Chrome/86.0.4240.198 Safari/537.36,http://clabsql.clamv.jacobs-university.de/~skattel/
10.222.131.26,[16/Nov/2020:09:00:24 +0100] ,Mozilla/5.0 (X11; Linux x86_64) AppleWebKit/537.36 (KHTML, like Gecko) Chrome/86.0.4240.198 Safari/537.36,http://clabsql.clamv.jacobs-university.de/~skattel/uni_gym_booking/
10.222.131.26,[16/Nov/2020:09:00:28 +0100] ,Mozilla/5.0 (X11; Linux x86_64) AppleWebKit/537.36 (KHTML, like Gecko) Chrome/86.0.4240.198 Safari/537.36,http://clabsql.clamv.jacobs-university.de/~skattel/uni_gym_booking/
10.222.131.26,[16/Nov/2020:09:00:44 +0100] ,Mozilla/5.0 (X11; Linux x86_64) AppleWebKit/537.36 (KHTML, like Gecko) Chrome/86.0.4240.198 Safari/537.36,http://clabsql.clamv.jacobs-university.de/~skattel/
10.222.131.26,[16/Nov/2020:09:00:44 +0100] ,Mozilla/5.0 (X11; Linux x86_64) AppleWebKit/537.36 (KHTML, like Gecko) Chrome/86.0.4240.198 Safari/537.36,http://clabsql.clamv.jacobs-university.de/~skattel/uni_gym_booking/
10.222.131.26,[16/Nov/2020:09:00:45 +0100] ,Mozilla/5.0 (X11; Linux x86_64) AppleWebKit/537.36 (KHTML, like Gecko) Chrome/86.0.4240.198 Safari/537.36,http://clabsql.clamv.jacobs-university.de/~skattel/uni_gym_booking/
10.222.131.26,[16/Nov/2020:09:01:21 +0100] ,Mozilla/5.0 (X11; Linux x86_64) AppleWebKit/537.36 (KHTML, like Gecko) Chrome/86.0.4240.198 Safari/537.36,http://clabsql.clamv.jacobs-university.de/~skattel/
10.222.131.26,[16/Nov/2020:09:01:21 +0100] ,Mozilla/5.0 (X11; Linux x86_64) AppleWebKit/537.36 (KHTML, like Gecko) Chrome/86.0.4240.198 Safari/537.36,http://clabsql.clamv.jacobs-university.de/~skattel/uni_gym_booking/
10.222.131.26,[16/Nov/2020:09:01:22 +0100] ,Mozilla/5.0 (X11; Linux x86_64) AppleWebKit/537.36 (KHTML, like Gecko) Chrome/86.0.4240.198 Safari/537.36,http://clabsql.clamv.jacobs-university.de/~skattel/uni_gym_booking/
10.222.131.26,[16/Nov/2020:09:01:26 +0100] ,Mozilla/5.0 (X11; Linux x86_64) AppleWebKit/537.36 (KHTML, like Gecko) Chrome/86.0.4240.198 Safari/537.36,http://clabsql.clamv.jacobs-university.de/~skattel/uni_gym_booking/
10.222.131.26,[16/Nov/2020:09:02:06 +0100] ,Mozilla/5.0 (X11; Linux x86_64) AppleWebKit/537.36 (KHTML, like Gecko) Chrome/86.0.4240.198 Safari/537.36,http://clabsql.clamv.jacobs-university.de/~skattel/
10.222.131.26,[16/Nov/2020:09:02:06 +0100] ,Mozilla/5.0 (X11; Linux x86_64) AppleWebKit/537.36 (KHTML, like Gecko) Chrome/86.0.4240.198 Safari/537.36,http://clabsql.clamv.jacobs-university.de/~skattel/uni_gym_booking/
10.222.131.26,[16/Nov/2020:09:02:07 +0100] ,Mozilla/5.0 (X11; Linux x86_64) AppleWebKit/537.36 (KHTML, like Gecko) Chrome/86.0.4240.198 Safari/537.36,http://clabsql.clamv.jacobs-university.de/~skattel/uni_gym_booking/
10.222.131.26,[16/Nov/2020:09:02:51 +0100] ,Mozilla/5.0 (X11; Linux x86_64) AppleWebKit/537.36 (KHTML, like Gecko) Chrome/86.0.4240.198 Safari/537.36,http://clabsql.clamv.jacobs-university.de/~skattel/
10.222.131.26,[16/Nov/2020:09:02:51 +0100] ,Mozilla/5.0 (X11; Linux x86_64) AppleWebKit/537.36 (KHTML, like Gecko) Chrome/86.0.4240.198 Safari/537.36,http://clabsql.clamv.jacobs-university.de/~skattel/uni_gym_booking/
10.222.131.26,[16/Nov/2020:09:03:11 +0100] ,Mozilla/5.0 (X11; Linux x86_64) AppleWebKit/537.36 (KHTML, like Gecko) Chrome/86.0.4240.198 Safari/537.36,http://clabsql.clamv.jacobs-university.de/~skattel/
10.222.131.26,[16/Nov/2020:09:03:11 +0100] ,Mozilla/5.0 (X11; Linux x86_64) AppleWebKit/537.36 (KHTML, like Gecko) Chrome/86.0.4240.198 Safari/537.36,http://clabsql.clamv.jacobs-university.de/~skattel/uni_gym_booking/
10.222.131.26,[16/Nov/2020:09:03:13 +0100] ,Mozilla/5.0 (X11; Linux x86_64) AppleWebKit/537.36 (KHTML, like Gecko) Chrome/86.0.4240.198 Safari/537.36,http://clabsql.clamv.jacobs-university.de/~skattel/uni_gym_booking/
10.222.131.26,[16/Nov/2020:09:03:39 +0100] ,Mozilla/5.0 (X11; Linux x86_64) AppleWebKit/537.36 (KHTML, like Gecko) Chrome/86.0.4240.198 Safari/537.36,No URL in log file
10.222.131.26,[16/Nov/2020:09:03:41 +0100] ,Mozilla/5.0 (X11; Linux x86_64) AppleWebKit/537.36 (KHTML, like Gecko) Chrome/86.0.4240.198 Safari/537.36,http://clabsql.clamv.jacobs-university.de/~nibragimov/
10.222.131.26,[16/Nov/2020:09:03:41 +0100] ,Mozilla/5.0 (X11; Linux x86_64) AppleWebKit/537.36 (KHTML, like Gecko) Chrome/86.0.4240.198 Safari/537.36,http://clabsql.clamv.jacobs-university.de/~nibragimov/uni_gym_booking/
10.222.131.26,[16/Nov/2020:09:03:43 +0100] ,Mozilla/5.0 (X11; Linux x86_64) AppleWebKit/537.36 (KHTML, like Gecko) Chrome/86.0.4240.198 Safari/537.36,http://clabsql.clamv.jacobs-university.de/~nibragimov/uni_gym_booking/
10.222.131.26,[16/Nov/2020:09:03:43 +0100] ,Mozilla/5.0 (X11; Linux x86_64) AppleWebKit/537.36 (KHTML, like Gecko) Chrome/86.0.4240.198 Safari/537.36,http://clabsql.clamv.jacobs-university.de/~nibragimov/uni_gym_booking/project/
10.222.131.26,[16/Nov/2020:09:03:44 +0100] ,Mozilla/5.0 (X11; Linux x86_64) AppleWebKit/537.36 (KHTML, like Gecko) Chrome/86.0.4240.198 Safari/537.36,http://clabsql.clamv.jacobs-university.de/~nibragimov/uni_gym_booking/project/
10.222.131.26,[16/Nov/2020:09:03:44 +0100] ,Mozilla/5.0 (X11; Linux x86_64) AppleWebKit/537.36 (KHTML, like Gecko) Chrome/86.0.4240.198 Safari/537.36,http://clabsql.clamv.jacobs-university.de/~nibragimov/uni_gym_booking/project/
10.222.131.26,[16/Nov/2020:09:04:15 +0100] ,Mozilla/5.0 (X11; Linux x86_64) AppleWebKit/537.36 (KHTML, like Gecko) Chrome/86.0.4240.198 Safari/537.36,No URL in log file
10.222.131.26,[16/Nov/2020:09:06:32 +0100] ,Mozilla/5.0 (X11; Linux x86_64) AppleWebKit/537.36 (KHTML, like Gecko) Chrome/86.0.4240.198 Safari/537.36,http://clabsql.clamv.jacobs-university.de/~skattel/uni_gym_booking/
10.222.131.26,[16/Nov/2020:09:07:10 +0100] ,Mozilla/5.0 (X11; Linux x86_64) AppleWebKit/537.36 (KHTML, like Gecko) Chrome/86.0.4240.198 Safari/537.36,No URL in log file
10.222.131.26,[16/Nov/2020:09:07:10 +0100] ,Mozilla/5.0 (X11; Linux x86_64) AppleWebKit/537.36 (KHTML, like Gecko) Chrome/86.0.4240.198 Safari/537.36,http://clabsql.clamv.jacobs-university.de/~skattel/uni_gym_booking/
10.222.131.26,[16/Nov/2020:09:07:15 +0100] ,Mozilla/5.0 (X11; Linux x86_64) AppleWebKit/537.36 (KHTML, like Gecko) Chrome/86.0.4240.198 Safari/537.36,No URL in log file
10.222.131.26,[16/Nov/2020:09:07:20 +0100] ,Mozilla/5.0 (X11; Linux x86_64) AppleWebKit/537.36 (KHTML, like Gecko) Chrome/86.0.4240.198 Safari/537.36,No URL in log file
10.222.131.26,[16/Nov/2020:09:07:55 +0100] ,Mozilla/5.0 (X11; Linux x86_64) AppleWebKit/537.36 (KHTML, like Gecko) Chrome/86.0.4240.198 Safari/537.36,No URL in log file
10.222.131.26,[16/Nov/2020:09:07:55 +0100] ,Mozilla/5.0 (X11; Linux x86_64) AppleWebKit/537.36 (KHTML, like Gecko) Chrome/86.0.4240.198 Safari/537.36,http://clabsql.clamv.jacobs-university.de/~skattel/uni_gym_booking/
10.222.131.26,[16/Nov/2020:09:07:57 +0100] ,Mozilla/5.0 (X11; Linux x86_64) AppleWebKit/537.36 (KHTML, like Gecko) Chrome/86.0.4240.198 Safari/537.36,No URL in log file
10.222.131.26,[16/Nov/2020:09:07:57 +0100] ,Mozilla/5.0 (X11; Linux x86_64) AppleWebKit/537.36 (KHTML, like Gecko) Chrome/86.0.4240.198 Safari/537.36,http://clabsql.clamv.jacobs-university.de/~skattel/uni_gym_booking/
10.222.131.26,[16/Nov/2020:09:08:12 +0100] ,Mozilla/5.0 (X11; Linux x86_64) AppleWebKit/537.36 (KHTML, like Gecko) Chrome/86.0.4240.198 Safari/537.36,No URL in log file
10.222.131.26,[16/Nov/2020:09:08:12 +0100] ,Mozilla/5.0 (X11; Linux x86_64) AppleWebKit/537.36 (KHTML, like Gecko) Chrome/86.0.4240.198 Safari/537.36,http://clabsql.clamv.jacobs-university.de/~skattel/uni_gym_booking/
10.222.131.26,[16/Nov/2020:09:08:13 +0100] ,Mozilla/5.0 (X11; Linux x86_64) AppleWebKit/537.36 (KHTML, like Gecko) Chrome/86.0.4240.198 Safari/537.36,http://clabsql.clamv.jacobs-university.de/~skattel/uni_gym_booking/
10.222.131.26,[16/Nov/2020:09:08:30 +0100] ,Mozilla/5.0 (X11; Linux x86_64) AppleWebKit/537.36 (KHTML, like Gecko) Chrome/86.0.4240.198 Safari/537.36,http://clabsql.clamv.jacobs-university.de/~skattel/uni_gym_booking/
10.222.131.26,[16/Nov/2020:09:09:31 +0100] ,Mozilla/5.0 (X11; Linux x86_64) AppleWebKit/537.36 (KHTML, like Gecko) Chrome/86.0.4240.198 Safari/537.36,No URL in log file
10.222.131.26,[16/Nov/2020:09:09:31 +0100] ,Mozilla/5.0 (X11; Linux x86_64) AppleWebKit/537.36 (KHTML, like Gecko) Chrome/86.0.4240.198 Safari/537.36,http://clabsql.clamv.jacobs-university.de/~skattel/uni_gym_booking/
10.222.131.26,[16/Nov/2020:09:09:33 +0100] ,Mozilla/5.0 (X11; Linux x86_64) AppleWebKit/537.36 (KHTML, like Gecko) Chrome/86.0.4240.198 Safari/537.36,http://clabsql.clamv.jacobs-university.de/~skattel/uni_gym_booking/
10.222.131.26,[16/Nov/2020:09:09:50 +0100] ,Mozilla/5.0 (X11; Linux x86_64) AppleWebKit/537.36 (KHTML, like Gecko) Chrome/86.0.4240.198 Safari/537.36,No URL in log file
10.222.131.26,[16/Nov/2020:09:09:51 +0100] ,Mozilla/5.0 (X11; Linux x86_64) AppleWebKit/537.36 (KHTML, like Gecko) Chrome/86.0.4240.198 Safari/537.36,http://clabsql.clamv.jacobs-university.de/~skattel/uni_gym_booking/
10.222.131.26,[16/Nov/2020:09:09:52 +0100] ,Mozilla/5.0 (X11; Linux x86_64) AppleWebKit/537.36 (KHTML, like Gecko) Chrome/86.0.4240.198 Safari/537.36,http://clabsql.clamv.jacobs-university.de/~skattel/uni_gym_booking/
10.222.131.26,[16/Nov/2020:09:09:53 +0100] ,Mozilla/5.0 (X11; Linux x86_64) AppleWebKit/537.36 (KHTML, like Gecko) Chrome/86.0.4240.198 Safari/537.36,http://clabsql.clamv.jacobs-university.de/~skattel/uni_gym_booking/x/
10.222.131.26,[16/Nov/2020:09:10:17 +0100] ,Mozilla/5.0 (X11; Linux x86_64) AppleWebKit/537.36 (KHTML, like Gecko) Chrome/86.0.4240.198 Safari/537.36,http://clabsql.clamv.jacobs-university.de/~skattel/uni_gym_booking/
10.222.131.26,[16/Nov/2020:09:29:02 +0100] ,Mozilla/5.0 (X11; Linux x86_64) AppleWebKit/537.36 (KHTML, like Gecko) Chrome/86.0.4240.198 Safari/537.36,http://clabsql.clamv.jacobs-university.de/~skattel/uni_gym_booking/x/
10.222.131.26,[16/Nov/2020:09:29:03 +0100] ,Mozilla/5.0 (X11; Linux x86_64) AppleWebKit/537.36 (KHTML, like Gecko) Chrome/86.0.4240.198 Safari/537.36,http://clabsql.clamv.jacobs-university.de/~skattel/uni_gym_booking/
10.222.131.26,[16/Nov/2020:09:29:03 +0100] ,Mozilla/5.0 (X11; Linux x86_64) AppleWebKit/537.36 (KHTML, like Gecko) Chrome/86.0.4240.198 Safari/537.36,http://clabsql.clamv.jacobs-university.de/~skattel/uni_gym_booking/
10.222.131.26,[16/Nov/2020:09:37:20 +0100] ,Mozilla/5.0 (X11; Linux x86_64) AppleWebKit/537.36 (KHTML, like Gecko) Chrome/86.0.4240.198 Safari/537.36,http://clabsql.clamv.jacobs-university.de/~skattel/uni_gym_booking/x/
10.222.131.26,[16/Nov/2020:09:37:21 +0100] ,Mozilla/5.0 (X11; Linux x86_64) AppleWebKit/537.36 (KHTML, like Gecko) Chrome/86.0.4240.198 Safari/537.36,http://clabsql.clamv.jacobs-university.de/~skattel/uni_gym_booking/
10.222.131.26,[16/Nov/2020:09:37:21 +0100] ,Mozilla/5.0 (X11; Linux x86_64) AppleWebKit/537.36 (KHTML, like Gecko) Chrome/86.0.4240.198 Safari/537.36,http://clabsql.clamv.jacobs-university.de/~skattel/uni_gym_booking/
