10.222.131.26:37284,AH00529: /people/home/skattel/public_html/uni_gym_booking/.htaccess pcfg_openfile: unable to check htaccess file,Mon Nov 16 08:54:43.572059 2020
10.222.131.26:37294,AH00529: /people/home/skattel/public_html/uni_gym_booking/includes/.htaccess pcfg_openfile: unable to check htaccess file,Mon Nov 16 08:54:43.572059 2021
10.222.131.26:37294,AH00529: /people/home/skattel/public_html/uni_gym_booking/project/.htaccess pcfg_openfile: unable to check htaccess file,Mon Nov 16 08:54:43.572059 2022
10.222.131.26:37308,AH00686: cannot read directory for multi: /people/home/skattel/public_html/uni_gym_booking/includes/,Mon Nov 16 08:56:15.933278 2020
10.222.131.26:37308,AH00686: cannot read directory for multi: /people/home/skattel/public_html/uni_gym_booking/includes/,Mon Nov 16 08:56:15.933931 2020
10.222.131.26:37308,AH00686: cannot read directory for multi: /people/home/skattel/public_html/uni_gym_booking/includes/,Mon Nov 16 08:56:15.934428 2020
10.222.131.26:37308,AH00686: cannot read directory for multi: /people/home/skattel/public_html/uni_gym_booking/includes/,Mon Nov 16 08:56:15.934943 2020
10.222.131.26:37308,AH00686: cannot read directory for multi: /people/home/skattel/public_html/uni_gym_booking/includes/,Mon Nov 16 08:56:15.935447 2020
10.222.131.26:37308,AH00686: cannot read directory for multi: /people/home/skattel/public_html/uni_gym_booking/includes/,Mon Nov 16 08:56:15.936000 2020
10.222.131.26:37308,PHP Warning:  Unknown: failed to open stream: Permission denied in Unknown on line 0,Mon Nov 16 08:56:17.629828 2020
10.222.131.26:37308,PHP Fatal error:  Unknown: Failed opening required '/people/home/skattel/public_html/uni_gym_booking/project/index.php' (include_path='.:/usr/share/php7:/usr/share/php7/PEAR') in Unknown on line 0,Mon Nov 16 08:56:17.629880 2020
10.222.131.26:37310,PHP Warning:  Unknown: failed to open stream: Permission denied in Unknown on line 0,Mon Nov 16 08:56:27.534873 2020
10.222.131.26:37310,PHP Fatal error:  Unknown: Failed opening required '/people/home/skattel/public_html/uni_gym_booking/project/index.php' (include_path='.:/usr/share/php7:/usr/share/php7/PEAR') in Unknown on line 0,Mon Nov 16 08:56:27.534919 2020
10.222.131.26:37400,AH00686: cannot read directory for multi: /people/home/skattel/public_html/uni_gym_booking/includes/,Mon Nov 16 08:59:09.282484 2020
10.222.131.26:37400,AH00686: cannot read directory for multi: /people/home/skattel/public_html/uni_gym_booking/includes/,Mon Nov 16 08:59:09.282801 2020
10.222.131.26:37400,AH00686: cannot read directory for multi: /people/home/skattel/public_html/uni_gym_booking/includes/,Mon Nov 16 08:59:09.283077 2020
10.222.131.26:37400,AH00686: cannot read directory for multi: /people/home/skattel/public_html/uni_gym_booking/includes/,Mon Nov 16 08:59:09.283344 2020
10.222.131.26:37400,AH00686: cannot read directory for multi: /people/home/skattel/public_html/uni_gym_booking/includes/,Mon Nov 16 08:59:09.283620 2020
10.222.131.26:37400,AH00686: cannot read directory for multi: /people/home/skattel/public_html/uni_gym_booking/includes/,Mon Nov 16 08:59:09.283891 2020
10.222.131.26:37400,PHP Warning:  require(/people/home/skattel/public_html/uni_gym_booking/includes/config.php): failed to open stream: Permission denied in /people/home/skattel/public_html/uni_gym_booking/project/index.php on line 2,Mon Nov 16 08:59:10.704214 2020
10.222.131.26:37400,PHP Fatal error:  require(): Failed opening required '../includes/config.php' (include_path='.:/usr/share/php7:/usr/share/php7/PEAR') in /people/home/skattel/public_html/uni_gym_booking/project/index.php on line 2,Mon Nov 16 08:59:10.704251 2020
10.222.131.26:37402,AH00686: cannot read directory for multi: /people/home/skattel/public_html/uni_gym_booking/includes/,Mon Nov 16 08:59:13.016629 2020
10.222.131.26:37402,AH00686: cannot read directory for multi: /people/home/skattel/public_html/uni_gym_booking/includes/,Mon Nov 16 08:59:13.016932 2020
10.222.131.26:37402,AH00686: cannot read directory for multi: /people/home/skattel/public_html/uni_gym_booking/includes/,Mon Nov 16 08:59:13.017197 2020
10.222.131.26:37402,AH00686: cannot read directory for multi: /people/home/skattel/public_html/uni_gym_booking/includes/,Mon Nov 16 08:59:13.017481 2020
10.222.131.26:37402,AH00686: cannot read directory for multi: /people/home/skattel/public_html/uni_gym_booking/includes/,Mon Nov 16 08:59:13.017768 2020
10.222.131.26:37402,AH00686: cannot read directory for multi: /people/home/skattel/public_html/uni_gym_booking/includes/,Mon Nov 16 08:59:13.018018 2020
10.222.131.26:37402,AH00686: cannot read directory for multi: /people/home/skattel/public_html/uni_gym_booking/includes/,Mon Nov 16 08:59:20.979569 2020
10.222.131.26:37402,AH00686: cannot read directory for multi: /people/home/skattel/public_html/uni_gym_booking/includes/,Mon Nov 16 08:59:20.979884 2020
10.222.131.26:37402,AH00686: cannot read directory for multi: /people/home/skattel/public_html/uni_gym_booking/includes/,Mon Nov 16 08:59:20.980171 2020
10.222.131.26:37402,AH00686: cannot read directory for multi: /people/home/skattel/public_html/uni_gym_booking/includes/,Mon Nov 16 08:59:20.980450 2020
10.222.131.26:37402,AH00686: cannot read directory for multi: /people/home/skattel/public_html/uni_gym_booking/includes/,Mon Nov 16 08:59:20.980725 2020
10.222.131.26:37402,AH00686: cannot read directory for multi: /people/home/skattel/public_html/uni_gym_booking/includes/,Mon Nov 16 08:59:20.980993 2020
10.222.131.26:37402,AH00686: cannot read directory for multi: /people/home/skattel/public_html/uni_gym_booking/includes/,Mon Nov 16 08:59:21.283725 2020
10.222.131.26:37402,AH00686: cannot read directory for multi: /people/home/skattel/public_html/uni_gym_booking/includes/,Mon Nov 16 08:59:21.284018 2020
10.222.131.26:37402,AH00686: cannot read directory for multi: /people/home/skattel/public_html/uni_gym_booking/includes/,Mon Nov 16 08:59:21.284326 2020
10.222.131.26:37402,AH00686: cannot read directory for multi: /people/home/skattel/public_html/uni_gym_booking/includes/,Mon Nov 16 08:59:21.284612 2020
10.222.131.26:37402,AH00686: cannot read directory for multi: /people/home/skattel/public_html/uni_gym_booking/includes/,Mon Nov 16 08:59:21.284895 2020
10.222.131.26:37402,AH00686: cannot read directory for multi: /people/home/skattel/public_html/uni_gym_booking/includes/,Mon Nov 16 08:59:21.285199 2020
10.222.131.26:37402,PHP Warning:  require(/people/home/skattel/public_html/uni_gym_booking/includes/config.php): failed to open stream: Permission denied in /people/home/skattel/public_html/uni_gym_booking/project/index.php on line 2,Mon Nov 16 08:59:22.482653 2020
10.222.131.26:37402,PHP Fatal error:  require(): Failed opening required '../includes/config.php' (include_path='.:/usr/share/php7:/usr/share/php7/PEAR') in /people/home/skattel/public_html/uni_gym_booking/project/index.php on line 2,Mon Nov 16 08:59:22.482694 2020
10.222.131.26:37404,PHP Warning:  require(/people/home/skattel/public_html/uni_gym_booking/includes/config.php): failed to open stream: Permission denied in /people/home/skattel/public_html/uni_gym_booking/project/index.php on line 2,Mon Nov 16 08:59:24.286163 2020
10.222.131.26:37404,PHP Fatal error:  require(): Failed opening required '../includes/config.php' (include_path='.:/usr/share/php7:/usr/share/php7/PEAR') in /people/home/skattel/public_html/uni_gym_booking/project/index.php on line 2,Mon Nov 16 08:59:24.286207 2020
10.222.131.26:37406,PHP Warning:  require(/people/home/skattel/public_html/uni_gym_booking/includes/config.php): failed to open stream: Permission denied in /people/home/skattel/public_html/uni_gym_booking/project/index.php on line 2,Mon Nov 16 08:59:26.018244 2020
10.222.131.26:37406,PHP Fatal error:  require(): Failed opening required '../includes/config.php' (include_path='.:/usr/share/php7:/usr/share/php7/PEAR') in /people/home/skattel/public_html/uni_gym_booking/project/index.php on line 2,Mon Nov 16 08:59:26.018300 2020
10.222.131.26:37408,PHP Warning:  require(/people/home/skattel/public_html/uni_gym_booking/includes/config.php): failed to open stream: Permission denied in /people/home/skattel/public_html/uni_gym_booking/project/index.php on lin,Mon Nov 16 08:59:43.429858 2020
10.222.131.26:37408,PHP Fatal error:  require(): Failed opening required '../includes/config.php' (include_path='.:/usr/share/php7:/usr/share/php7/PEAR') in /people/home/skattel/public_html/uni_gym_booking/project/index.php on lin,Mon Nov 16 08:59:43.429892 2020
10.222.131.26:37412,AH00686: cannot read directory for multi: /people/home/skattel/public_html/uni_gym_booking/includes/,Mon Nov 16 09:00:22.269031 2020
10.222.131.26:37412,AH00686: cannot read directory for multi: /people/home/skattel/public_html/uni_gym_booking/includes/,Mon Nov 16 09:00:22.269366 2020
10.222.131.26:37412,AH00686: cannot read directory for multi: /people/home/skattel/public_html/uni_gym_booking/includes/,Mon Nov 16 09:00:22.269644 2020
10.222.131.26:37412,AH00686: cannot read directory for multi: /people/home/skattel/public_html/uni_gym_booking/includes/,Mon Nov 16 09:00:22.269947 2020
10.222.131.26:37412,AH00686: cannot read directory for multi: /people/home/skattel/public_html/uni_gym_booking/includes/,Mon Nov 16 09:00:22.270213 2020
10.222.131.26:37412,AH00686: cannot read directory for multi: /people/home/skattel/public_html/uni_gym_booking/includes/,Mon Nov 16 09:00:22.270476 2020
10.222.131.26:37412,AH00686: cannot read directory for multi: /people/home/skattel/public_html/uni_gym_booking/includes/,Mon Nov 16 09:00:23.275032 2020
10.222.131.26:37412,AH00686: cannot read directory for multi: /people/home/skattel/public_html/uni_gym_booking/includes/,Mon Nov 16 09:00:23.275325 2020
10.222.131.26:37412,AH00686: cannot read directory for multi: /people/home/skattel/public_html/uni_gym_booking/includes/,Mon Nov 16 09:00:23.275635 2020
10.222.131.26:37412,AH00686: cannot read directory for multi: /people/home/skattel/public_html/uni_gym_booking/includes/,Mon Nov 16 09:00:23.275919 2020
10.222.131.26:37412,AH00686: cannot read directory for multi: /people/home/skattel/public_html/uni_gym_booking/includes/,Mon Nov 16 09:00:23.276180 2020
10.222.131.26:37412,AH00686: cannot read directory for multi: /people/home/skattel/public_html/uni_gym_booking/includes/,Mon Nov 16 09:00:23.276473 2020
10.222.131.26:37412,AH00686: cannot read directory for multi: /people/home/skattel/public_html/uni_gym_booking/includes/,Mon Nov 16 09:00:23.580637 2020
10.222.131.26:37412,AH00686: cannot read directory for multi: /people/home/skattel/public_html/uni_gym_booking/includes/,Mon Nov 16 09:00:23.580987 2020
10.222.131.26:37412,AH00686: cannot read directory for multi: /people/home/skattel/public_html/uni_gym_booking/includes/,Mon Nov 16 09:00:23.581293 2020
10.222.131.26:37412,AH00686: cannot read directory for multi: /people/home/skattel/public_html/uni_gym_booking/includes/,Mon Nov 16 09:00:23.581595 2020
10.222.131.26:37412,AH00686: cannot read directory for multi: /people/home/skattel/public_html/uni_gym_booking/includes/,Mon Nov 16 09:00:23.581910 2020
10.222.131.26:37412,AH00686: cannot read directory for multi: /people/home/skattel/public_html/uni_gym_booking/includes/,Mon Nov 16 09:00:23.582237 2020
10.222.131.26:37412,AH00686: cannot read directory for multi: /people/home/skattel/public_html/uni_gym_booking/includes/,Mon Nov 16 09:00:23.844355 2020
10.222.131.26:37412,AH00686: cannot read directory for multi: /people/home/skattel/public_html/uni_gym_booking/includes/,Mon Nov 16 09:00:23.844710 2020
10.222.131.26:37412,AH00686: cannot read directory for multi: /people/home/skattel/public_html/uni_gym_booking/includes/,Mon Nov 16 09:00:23.845003 2020
10.222.131.26:37412,AH00686: cannot read directory for multi: /people/home/skattel/public_html/uni_gym_booking/includes/,Mon Nov 16 09:00:23.845285 2020
10.222.131.26:37412,AH00686: cannot read directory for multi: /people/home/skattel/public_html/uni_gym_booking/includes/,Mon Nov 16 09:00:23.845542 2020
10.222.131.26:37412,AH00686: cannot read directory for multi: /people/home/skattel/public_html/uni_gym_booking/includes/,Mon Nov 16 09:00:23.845819 2020
10.222.131.26:37412,AH00686: cannot read directory for multi: /people/home/skattel/public_html/uni_gym_booking/includes/,Mon Nov 16 09:00:24.131870 2020
10.222.131.26:37412,AH00686: cannot read directory for multi: /people/home/skattel/public_html/uni_gym_booking/includes/,Mon Nov 16 09:00:24.132144 2020
10.222.131.26:37412,AH00686: cannot read directory for multi: /people/home/skattel/public_html/uni_gym_booking/includes/,Mon Nov 16 09:00:24.132401 2020
10.222.131.26:37412,AH00686: cannot read directory for multi: /people/home/skattel/public_html/uni_gym_booking/includes/,Mon Nov 16 09:00:24.132643 2020
10.222.131.26:37412,AH00686: cannot read directory for multi: /people/home/skattel/public_html/uni_gym_booking/includes/,Mon Nov 16 09:00:24.132881 2020
10.222.131.26:37412,AH00686: cannot read directory for multi: /people/home/skattel/public_html/uni_gym_booking/includes/,Mon Nov 16 09:00:24.133128 2020
10.222.131.26:37412,AH00132: file permissions deny server access: /people/home/skattel/public_html/uni_gym_booking/README.md,Mon Nov 16 09:00:28.680382 2020
10.222.131.26:37418,AH00686: cannot read directory for multi: /people/home/skattel/public_html/uni_gym_booking/includes/,Mon Nov 16 09:00:44.182182 2020
10.222.131.26:37418,AH00686: cannot read directory for multi: /people/home/skattel/public_html/uni_gym_booking/includes/,Mon Nov 16 09:00:44.182511 2020
10.222.131.26:37418,AH00686: cannot read directory for multi: /people/home/skattel/public_html/uni_gym_booking/includes/,Mon Nov 16 09:00:44.182776 2020
10.222.131.26:37418,AH00686: cannot read directory for multi: /people/home/skattel/public_html/uni_gym_booking/includes/,Mon Nov 16 09:00:44.183057 2020
10.222.131.26:37418,AH00686: cannot read directory for multi: /people/home/skattel/public_html/uni_gym_booking/includes/,Mon Nov 16 09:00:44.184610 2020
10.222.131.26:37418,AH00686: cannot read directory for multi: /people/home/skattel/public_html/uni_gym_booking/includes/,Mon Nov 16 09:00:44.184913 2020
10.222.131.26:37418,AH00132: file permissions deny server access: /people/home/skattel/public_html/uni_gym_booking/README.md,Mon Nov 16 09:00:45.264564 2020
10.222.131.26:37420,AH00686: cannot read directory for multi: /people/home/skattel/public_html/uni_gym_booking/includes/,Mon Nov 16 09:01:21.733278 2020
10.222.131.26:37420,AH00686: cannot read directory for multi: /people/home/skattel/public_html/uni_gym_booking/includes/,Mon Nov 16 09:01:21.733620 2020
10.222.131.26:37420,AH00686: cannot read directory for multi: /people/home/skattel/public_html/uni_gym_booking/includes/,Mon Nov 16 09:01:21.733910 2020
10.222.131.26:37420,AH00686: cannot read directory for multi: /people/home/skattel/public_html/uni_gym_booking/includes/,Mon Nov 16 09:01:21.734214 2020
10.222.131.26:37420,AH00686: cannot read directory for multi: /people/home/skattel/public_html/uni_gym_booking/includes/,Mon Nov 16 09:01:21.734484 2020
10.222.131.26:37420,AH00686: cannot read directory for multi: /people/home/skattel/public_html/uni_gym_booking/includes/,Mon Nov 16 09:01:21.734756 2020
10.222.131.26:37420,PHP Warning:  require(/people/home/skattel/public_html/uni_gym_booking/includes/config.php): failed to open stream: Permission denied in /people/home/skattel/public_html/uni_gym_booking/project/index.php on line 2,Mon Nov 16 09:01:26.782784 2020
10.222.131.26:37420,PHP Fatal error:  require(): Failed opening required '../includes/config.php' (include_path='.:/usr/share/php7:/usr/share/php7/PEAR') in /people/home/skattel/public_html/uni_gym_booking/project/index.php on line 2,Mon Nov 16 09:01:26.782826 2020
10.222.131.26:37424,AH00686: cannot read directory for multi: /people/home/skattel/public_html/uni_gym_booking/includes/,Mon Nov 16 09:02:06.130121 2020
10.222.131.26:37424,AH00686: cannot read directory for multi: /people/home/skattel/public_html/uni_gym_booking/includes/,Mon Nov 16 09:02:06.130451 2020
10.222.131.26:37424,AH00686: cannot read directory for multi: /people/home/skattel/public_html/uni_gym_booking/includes/,Mon Nov 16 09:02:06.131180 2020
10.222.131.26:37424,AH00686: cannot read directory for multi: /people/home/skattel/public_html/uni_gym_booking/includes/,Mon Nov 16 09:02:06.131462 2020
10.222.131.26:37424,AH00686: cannot read directory for multi: /people/home/skattel/public_html/uni_gym_booking/includes/,Mon Nov 16 09:02:06.131748 2020
10.222.131.26:37424,AH00686: cannot read directory for multi: /people/home/skattel/public_html/uni_gym_booking/includes/,Mon Nov 16 09:02:06.132017 2020
10.222.131.26:37424,PHP Warning:  require(/people/home/skattel/public_html/uni_gym_booking/includes/config.php): failed to open stream: Permission denied in /people/home/skattel/public_html/uni_gym_booking/project/index.php on line 2,Mon Nov 16 09:02:07.063677 2020
10.222.131.26:37424,PHP Fatal error:  require(): Failed opening required '../includes/config.php' (include_path='.:/usr/share/php7:/usr/share/php7/PEAR') in /people/home/skattel/public_html/uni_gym_booking/project/index.php on line 2,Mon Nov 16 09:02:07.063718 2020
10.222.131.26:37438,AH00686: cannot read directory for multi: /people/home/skattel/public_html/uni_gym_booking/includes/,Mon Nov 16 09:02:51.265732 2020
10.222.131.26:37438,AH00686: cannot read directory for multi: /people/home/skattel/public_html/uni_gym_booking/includes/,Mon Nov 16 09:02:51.266022 2020
10.222.131.26:37438,AH00686: cannot read directory for multi: /people/home/skattel/public_html/uni_gym_booking/includes/,Mon Nov 16 09:02:51.266295 2020
10.222.131.26:37438,AH00686: cannot read directory for multi: /people/home/skattel/public_html/uni_gym_booking/includes/,Mon Nov 16 09:02:51.266598 2020
10.222.131.26:37438,AH00686: cannot read directory for multi: /people/home/skattel/public_html/uni_gym_booking/includes/,Mon Nov 16 09:02:51.266856 2020
10.222.131.26:37438,AH00686: cannot read directory for multi: /people/home/skattel/public_html/uni_gym_booking/includes/,Mon Nov 16 09:02:51.267106 2020
10.222.131.26:37438,AH00529: /people/home/skattel/public_html/uni_gym_booking/project/.htaccess pcfg_openfile: unable to check htaccess file,Mon Nov 16 09:02:51.267357 2020
10.222.131.26:37440,AH00686: cannot read directory for multi: /people/home/skattel/public_html/uni_gym_booking/includes/,Mon Nov 16 09:03:11.727857 2020
10.222.131.26:37440,AH00686: cannot read directory for multi: /people/home/skattel/public_html/uni_gym_booking/includes/,Mon Nov 16 09:03:11.728211 2020
10.222.131.26:37440,AH00686: cannot read directory for multi: /people/home/skattel/public_html/uni_gym_booking/includes/,Mon Nov 16 09:03:11.728527 2020
10.222.131.26:37440,AH00686: cannot read directory for multi: /people/home/skattel/public_html/uni_gym_booking/includes/,Mon Nov 16 09:03:11.728810 2020
10.222.131.26:37440,AH00686: cannot read directory for multi: /people/home/skattel/public_html/uni_gym_booking/includes/,Mon Nov 16 09:03:11.729140 2020
10.222.131.26:37440,AH00686: cannot read directory for multi: /people/home/skattel/public_html/uni_gym_booking/includes/,Mon Nov 16 09:03:11.729424 2020
10.222.131.26:37440,PHP Warning:  require(/people/home/skattel/public_html/uni_gym_booking/includes/config.php): failed to open stream: Permission denied in /people/home/skattel/public_html/uni_gym_booking/project/index.php on line 2,Mon Nov 16 09:03:13.093425 2020
10.222.131.26:37440,PHP Fatal error:  require(): Failed opening required '../includes/config.php' (include_path='.:/usr/share/php7:/usr/share/php7/PEAR') in /people/home/skattel/public_html/uni_gym_booking/project/index.php on line 2,Mon Nov 16 09:03:13.093456 2020
10.222.131.26:37482,AH00686: cannot read directory for multi: /people/home/skattel/public_html/uni_gym_booking/includ,Mon Nov 16 09:04:15.466810 2020
10.222.131.26:37482,AH00686: cannot read directory for multi: /people/home/skattel/public_html/uni_gym_booking/includ,Mon Nov 16 09:04:15.467115 2020
10.222.131.26:37482,AH00686: cannot read directory for multi: /people/home/skattel/public_html/uni_gym_booking/includ,Mon Nov 16 09:04:15.467399 2020
10.222.131.26:37482,AH00686: cannot read directory for multi: /people/home/skattel/public_html/uni_gym_booking/includ,Mon Nov 16 09:04:15.467695 2020
10.222.131.26:37482,AH00686: cannot read directory for multi: /people/home/skattel/public_html/uni_gym_booking/includ,Mon Nov 16 09:04:15.467991 2020
10.222.131.26:37482,AH00686: cannot read directory for multi: /people/home/skattel/public_html/uni_gym_booking/includ,Mon Nov 16 09:04:15.468287 2020
10.222.131.26:37496,PHP Warning:  require(/people/home/skattel/public_html/uni_gym_booking/includes/config.php): failed to open stream: Permission denied in /people/home/skattel/public_html/uni_gym_booking/project/index.php on line 2,Mon Nov 16 09:06:32.368799 2020
10.222.131.26:37496,PHP Fatal error:  require(): Failed opening required '../includes/config.php' (include_path='.:/usr/share/php7:/usr/share/php7/PEAR') in /people/home/skattel/public_html/uni_gym_booking/project/index.php on line 2,Mon Nov 16 09:06:32.368847 2020
10.222.131.26:37498,AH00686: cannot read directory for multi: /people/home/skattel/public_html/uni_gym_booking/includ,Mon Nov 16 09:07:10.500726 2020
10.222.131.26:37498,AH00686: cannot read directory for multi: /people/home/skattel/public_html/uni_gym_booking/includ,Mon Nov 16 09:07:10.501029 2020
10.222.131.26:37498,AH00686: cannot read directory for multi: /people/home/skattel/public_html/uni_gym_booking/includ,Mon Nov 16 09:07:10.501315 2020
10.222.131.26:37498,AH00686: cannot read directory for multi: /people/home/skattel/public_html/uni_gym_booking/includ,Mon Nov 16 09:07:10.501626 2020
10.222.131.26:37498,AH00686: cannot read directory for multi: /people/home/skattel/public_html/uni_gym_booking/includ,Mon Nov 16 09:07:10.501949 2020
10.222.131.26:37498,AH00686: cannot read directory for multi: /people/home/skattel/public_html/uni_gym_booking/includ,Mon Nov 16 09:07:10.502251 2020
10.222.131.26:37498,AH00529: /people/home/skattel/public_html/uni_gym_booking/project/.htaccess pcfg_openfile: unable to check htaccess file,Mon Nov 16 09:07:10.502509 2020
10.222.131.26:37498,AH00529: /people/home/skattel/public_html/uni_gym_booking/project/.htaccess pcfg_openfile: unable to check htaccess file,Mon Nov 16 09:07:15.911400 2020
10.222.131.26:37510,AH00686: cannot read directory for multi: /people/home/skattel/public_html/uni_gym_booking/includ,Mon Nov 16 09:07:55.649258 2020
10.222.131.26:37510,AH00686: cannot read directory for multi: /people/home/skattel/public_html/uni_gym_booking/includ,Mon Nov 16 09:07:55.649585 2020
10.222.131.26:37510,AH00686: cannot read directory for multi: /people/home/skattel/public_html/uni_gym_booking/includ,Mon Nov 16 09:07:55.649921 2020
10.222.131.26:37510,AH00686: cannot read directory for multi: /people/home/skattel/public_html/uni_gym_booking/includ,Mon Nov 16 09:07:55.650209 2020
10.222.131.26:37510,AH00686: cannot read directory for multi: /people/home/skattel/public_html/uni_gym_booking/includ,Mon Nov 16 09:07:55.650489 2020
10.222.131.26:37510,AH00686: cannot read directory for multi: /people/home/skattel/public_html/uni_gym_booking/includ,Mon Nov 16 09:07:55.650780 2020
10.222.131.26:37510,AH00529: /people/home/skattel/public_html/uni_gym_booking/project/.htaccess pcfg_openfile: unable to check htaccess file,Mon Nov 16 09:07:55.651061 2020
10.222.131.26:37510,AH00686: cannot read directory for multi: /people/home/skattel/public_html/uni_gym_booking/includ,Mon Nov 16 09:07:57.281162 2020
10.222.131.26:37510,AH00686: cannot read directory for multi: /people/home/skattel/public_html/uni_gym_booking/includ,Mon Nov 16 09:07:57.281438 2020
10.222.131.26:37510,AH00686: cannot read directory for multi: /people/home/skattel/public_html/uni_gym_booking/includ,Mon Nov 16 09:07:57.281707 2020
10.222.131.26:37510,AH00686: cannot read directory for multi: /people/home/skattel/public_html/uni_gym_booking/includ,Mon Nov 16 09:07:57.281962 2020
10.222.131.26:37510,AH00686: cannot read directory for multi: /people/home/skattel/public_html/uni_gym_booking/includ,Mon Nov 16 09:07:57.282223 2020
10.222.131.26:37510,AH00686: cannot read directory for multi: /people/home/skattel/public_html/uni_gym_booking/includ,Mon Nov 16 09:07:57.282499 2020
10.222.131.26:37510,AH00529: /people/home/skattel/public_html/uni_gym_booking/project/.htaccess pcfg_openfile: unable to check htaccess file,Mon Nov 16 09:07:57.282546 2020
10.222.131.26:37510,AH00686: cannot read directory for multi: /people/home/skattel/public_html/uni_gym_booking/includ,Mon Nov 16 09:08:12.132332 2020
10.222.131.26:37510,AH00686: cannot read directory for multi: /people/home/skattel/public_html/uni_gym_booking/includ,Mon Nov 16 09:08:12.132959 2020
10.222.131.26:37510,AH00686: cannot read directory for multi: /people/home/skattel/public_html/uni_gym_booking/includ,Mon Nov 16 09:08:12.133306 2020
10.222.131.26:37510,AH00686: cannot read directory for multi: /people/home/skattel/public_html/uni_gym_booking/includ,Mon Nov 16 09:08:12.133760 2020
10.222.131.26:37510,AH00686: cannot read directory for multi: /people/home/skattel/public_html/uni_gym_booking/includ,Mon Nov 16 09:08:12.134600 2020
10.222.131.26:37510,AH00686: cannot read directory for multi: /people/home/skattel/public_html/uni_gym_booking/includ,Mon Nov 16 09:08:12.136221 2020
10.222.131.26:37510,PHP Warning:  require(/people/home/skattel/public_html/uni_gym_booking/includes/config.php): failed to open stream: Permission denied in /people/home/skattel/public_html/uni_gym_booking/project/index.php on line 2,Mon Nov 16 09:08:13.764720 2020
10.222.131.26:37510,PHP Fatal error:  require(): Failed opening required '../includes/config.php' (include_path='.:/usr/share/php7:/usr/share/php7/PEAR') in /people/home/skattel/public_html/uni_gym_booking/project/index.php on line 2,Mon Nov 16 09:08:13.764751 2020
10.222.131.26:37528,PHP Warning:  require(/people/home/skattel/public_html/uni_gym_booking/includes/config.php): failed to open stream: Permission denied in /people/home/skattel/public_html/uni_gym_booking/project/index.php on line 2,Mon Nov 16 09:08:30.305129 2020
10.222.131.26:37528,PHP Fatal error:  require(): Failed opening required '../includes/config.php' (include_path='.:/usr/share/php7:/usr/share/php7/PEAR') in /people/home/skattel/public_html/uni_gym_booking/project/index.php on line 2,Mon Nov 16 09:08:30.305186 2020
10.222.131.26:37548,AH00686: cannot read directory for multi: /people/home/skattel/public_html/uni_gym_booking/includ,Mon Nov 16 09:09:31.419370 2020
10.222.131.26:37548,AH00686: cannot read directory for multi: /people/home/skattel/public_html/uni_gym_booking/includ,Mon Nov 16 09:09:31.419676 2020
10.222.131.26:37548,AH00686: cannot read directory for multi: /people/home/skattel/public_html/uni_gym_booking/includ,Mon Nov 16 09:09:31.419937 2020
10.222.131.26:37548,AH00686: cannot read directory for multi: /people/home/skattel/public_html/uni_gym_booking/includ,Mon Nov 16 09:09:31.420196 2020
10.222.131.26:37548,AH00686: cannot read directory for multi: /people/home/skattel/public_html/uni_gym_booking/includ,Mon Nov 16 09:09:31.420468 2020
10.222.131.26:37548,AH00686: cannot read directory for multi: /people/home/skattel/public_html/uni_gym_booking/includ,Mon Nov 16 09:09:31.420740 2020
10.222.131.26:37548,PHP Warning:  require(/people/home/skattel/public_html/uni_gym_booking/includes/config.php): failed to open stream: Permission denied in /people/home/skattel/public_html/uni_gym_booking/project/index.php on line 2,Mon Nov 16 09:09:33.031811 2020
10.222.131.26:37548,PHP Fatal error:  require(): Failed opening required '../includes/config.php' (include_path='.:/usr/share/php7:/usr/share/php7/PEAR') in /people/home/skattel/public_html/uni_gym_booking/project/index.php on line 2,Mon Nov 16 09:09:33.031864 2020
10.222.131.26:37546,AH00686: cannot read directory for multi: /people/home/skattel/public_html/uni_gym_booking/includ,Mon Nov 16 09:09:50.934942 2020
10.222.131.26:37546,AH00686: cannot read directory for multi: /people/home/skattel/public_html/uni_gym_booking/includ,Mon Nov 16 09:09:50.935315 2020
10.222.131.26:37546,AH00686: cannot read directory for multi: /people/home/skattel/public_html/uni_gym_booking/includ,Mon Nov 16 09:09:50.935582 2020
10.222.131.26:37546,AH00686: cannot read directory for multi: /people/home/skattel/public_html/uni_gym_booking/includ,Mon Nov 16 09:09:50.935878 2020
10.222.131.26:37546,AH00686: cannot read directory for multi: /people/home/skattel/public_html/uni_gym_booking/includ,Mon Nov 16 09:09:50.936166 2020
10.222.131.26:37546,AH00686: cannot read directory for multi: /people/home/skattel/public_html/uni_gym_booking/includ,Mon Nov 16 09:09:50.936441 2020
10.222.131.26:37546,AH00686: cannot read directory for multi: /people/home/skattel/public_html/uni_gym_booking/includes/,Mon Nov 16 09:09:53.174059 2020
10.222.131.26:37546,AH00686: cannot read directory for multi: /people/home/skattel/public_html/uni_gym_booking/includes/,Mon Nov 16 09:09:53.174356 2020
10.222.131.26:37546,AH00686: cannot read directory for multi: /people/home/skattel/public_html/uni_gym_booking/includes/,Mon Nov 16 09:09:53.174613 2020
10.222.131.26:37546,AH00686: cannot read directory for multi: /people/home/skattel/public_html/uni_gym_booking/includes/,Mon Nov 16 09:09:53.174873 2020
10.222.131.26:37546,AH00686: cannot read directory for multi: /people/home/skattel/public_html/uni_gym_booking/includes/,Mon Nov 16 09:09:53.175132 2020
10.222.131.26:37546,AH00686: cannot read directory for multi: /people/home/skattel/public_html/uni_gym_booking/includes/,Mon Nov 16 09:09:53.175420 2020
10.222.131.26:37554,PHP Warning:  require(/people/home/skattel/public_html/uni_gym_booking/includes/config.php): failed to open stream: Permission denied in /people/home/skattel/public_html/uni_gym_booking/project/index.php on line 2,Mon Nov 16 09:10:17.448116 2020
10.222.131.26:37554,PHP Fatal error:  require(): Failed opening required '../includes/config.php' (include_path='.:/usr/share/php7:/usr/share/php7/PEAR') in /people/home/skattel/public_html/uni_gym_booking/project/index.php on line 2,Mon Nov 16 09:10:17.448157 2020
10.222.131.26:38166,AH00686: cannot read directory for multi: /people/home/skattel/public_html/uni_gym_booking/includes/,Mon Nov 16 09:29:02.586285 2020
10.222.131.26:38166,AH00686: cannot read directory for multi: /people/home/skattel/public_html/uni_gym_booking/includes/,Mon Nov 16 09:29:02.586619 2020
10.222.131.26:38166,AH00686: cannot read directory for multi: /people/home/skattel/public_html/uni_gym_booking/includes/,Mon Nov 16 09:29:02.586900 2020
10.222.131.26:38166,AH00686: cannot read directory for multi: /people/home/skattel/public_html/uni_gym_booking/includes/,Mon Nov 16 09:29:02.587169 2020
10.222.131.26:38166,AH00686: cannot read directory for multi: /people/home/skattel/public_html/uni_gym_booking/includes/,Mon Nov 16 09:29:02.587444 2020
10.222.131.26:38166,AH00686: cannot read directory for multi: /people/home/skattel/public_html/uni_gym_booking/includes/,Mon Nov 16 09:29:02.587776 2020
10.222.131.26:38166,PHP Warning:  require(/people/home/skattel/public_html/uni_gym_booking/includes/config.php): failed to open stream: Permission denied in /people/home/skattel/public_html/uni_gym_booking/project/index.php on line 2,Mon Nov 16 09:29:03.627008 2020
10.222.131.26:38166,PHP Fatal error:  require(): Failed opening required '../includes/config.php' (include_path='.:/usr/share/php7:/usr/share/php7/PEAR') in /people/home/skattel/public_html/uni_gym_booking/project/index.php on line 2,Mon Nov 16 09:29:03.627042 2020
10.222.131.26:38292,AH00686: cannot read directory for multi: /people/home/skattel/public_html/uni_gym_booking/includes/,Mon Nov 16 09:37:20.517245 2020
10.222.131.26:38292,AH00686: cannot read directory for multi: /people/home/skattel/public_html/uni_gym_booking/includes/,Mon Nov 16 09:37:20.518018 2020
10.222.131.26:38292,AH00686: cannot read directory for multi: /people/home/skattel/public_html/uni_gym_booking/includes/,Mon Nov 16 09:37:20.518299 2020
10.222.131.26:38292,AH00686: cannot read directory for multi: /people/home/skattel/public_html/uni_gym_booking/includes/,Mon Nov 16 09:37:20.518565 2020
10.222.131.26:38292,AH00686: cannot read directory for multi: /people/home/skattel/public_html/uni_gym_booking/includes/,Mon Nov 16 09:37:20.518823 2020
10.222.131.26:38292,AH00686: cannot read directory for multi: /people/home/skattel/public_html/uni_gym_booking/includes/,Mon Nov 16 09:37:20.519092 2020
10.222.131.26:38292,PHP Warning:  require(/people/home/skattel/public_html/uni_gym_booking/includes/config.php): failed to open stream: Permission denied in /people/home/skattel/public_html/uni_gym_booking/project/index.php on line 2,Mon Nov 16 09:37:21.599951 2020
10.222.131.26:38292,PHP Fatal error:  require(): Failed opening required '../includes/config.php' (include_path='.:/usr/share/php7:/usr/share/php7/PEAR') in /people/home/skattel/public_html/uni_gym_booking/project/index.php on line 2,Mon Nov 16 09:37:21.599980 2020
